{
  "project_info": {
    "project_number": "485963672645",
    "firebase_url": "https://suckhoetoandan-5f3e7.firebaseio.com",
    "project_id": "suckhoetoandan-5f3e7",
    "storage_bucket": "suckhoetoandan-5f3e7.appspot.com"
  },
  "client": [
    {
      "client_info": {
        "mobilesdk_app_id": "1:485963672645:android:da79c9a5cd0c2edb80072c",
        "android_client_info": {
          "package_name": "com.suckhoevietnam"
        }
      },
      "oauth_client": [
        {
          "client_id": "485963672645-moh40a3h4dnp55pm9tqgh05co3kso0b1.apps.googleusercontent.com",
          "client_type": 3
        }
      ],
      "api_key": [
        {
          "current_key": "AIzaSyDMviPUrOsQlp8VHPWKes4v66LVn-SU_vg"
        }
      ],
      "services": {
        "appinvite_service": {
          "other_platform_oauth_client": [
            {
              "client_id": "485963672645-moh40a3h4dnp55pm9tqgh05co3kso0b1.apps.googleusercontent.com",
              "client_type": 3
            }
          ]
        }
      }
    },
    {
      "client_info": {
        "mobilesdk_app_id": "1:485963672645:android:2fc3ad41355dc7e680072c",
        "android_client_info": {
          "package_name": "la.health.v2"
        }
      },
      "oauth_client": [
        {
          "client_id": "485963672645-moh40a3h4dnp55pm9tqgh05co3kso0b1.apps.googleusercontent.com",
          "client_type": 3
        }
      ],
      "api_key": [
        {
          "current_key": "AIzaSyDMviPUrOsQlp8VHPWKes4v66LVn-SU_vg"
        }
      ],
      "services": {
        "appinvite_service": {
          "other_platform_oauth_client": [
            {
              "client_id": "485963672645-moh40a3h4dnp55pm9tqgh05co3kso0b1.apps.googleusercontent.com",
              "client_type": 3
            }
          ]
        }
      }
    },
    {
      "client_info": {
        "mobilesdk_app_id": "1:485963672645:android:7a724562fad71474",
        "android_client_info": {
          "package_name": "vn.suckhoetoandan"
        }
      },
      "oauth_client": [
        {
          "client_id": "485963672645-moh40a3h4dnp55pm9tqgh05co3kso0b1.apps.googleusercontent.com",
          "client_type": 3
        }
      ],
      "api_key": [
        {
          "current_key": "AIzaSyDMviPUrOsQlp8VHPWKes4v66LVn-SU_vg"
        }
      ],
      "services": {
        "appinvite_service": {
          "other_platform_oauth_client": [
            {
              "client_id": "485963672645-moh40a3h4dnp55pm9tqgh05co3kso0b1.apps.googleusercontent.com",
              "client_type": 3
            }
          ]
        }
      }
    },
    {
      "client_info": {
        "mobilesdk_app_id": "1:485963672645:android:524c1176591b23a980072c",
        "android_client_info": {
          "package_name": "vn.suckhoetoandan.hue"
        }
      },
      "oauth_client": [
        {
          "client_id": "485963672645-moh40a3h4dnp55pm9tqgh05co3kso0b1.apps.googleusercontent.com",
          "client_type": 3
        }
      ],
      "api_key": [
        {
          "current_key": "AIzaSyDMviPUrOsQlp8VHPWKes4v66LVn-SU_vg"
        }
      ],
      "services": {
        "appinvite_service": {
          "other_platform_oauth_client": [
            {
              "client_id": "485963672645-moh40a3h4dnp55pm9tqgh05co3kso0b1.apps.googleusercontent.com",
              "client_type": 3
            }
          ]
        }
      }
    },
    {
      "client_info": {
        "mobilesdk_app_id": "1:485963672645:android:893b00b32bf4c7b880072c",
        "android_client_info": {
          "package_name": "vn.suckhoetoandan.quangninh"
        }
      },
      "oauth_client": [
        {
          "client_id": "485963672645-moh40a3h4dnp55pm9tqgh05co3kso0b1.apps.googleusercontent.com",
          "client_type": 3
        }
      ],
      "api_key": [
        {
          "current_key": "AIzaSyDMviPUrOsQlp8VHPWKes4v66LVn-SU_vg"
        }
      ],
      "services": {
        "appinvite_service": {
          "other_platform_oauth_client": [
            {
              "client_id": "485963672645-moh40a3h4dnp55pm9tqgh05co3kso0b1.apps.googleusercontent.com",
              "client_type": 3
            }
          ]
        }
      }
    },
    {
      "client_info": {
        "mobilesdk_app_id": "1:485963672645:android:7b77ccb8f9ab244780072c",
        "android_client_info": {
          "package_name": "vn.suckhoetoandan.v2"
        }
      },
      "oauth_client": [
        {
          "client_id": "485963672645-moh40a3h4dnp55pm9tqgh05co3kso0b1.apps.googleusercontent.com",
          "client_type": 3
        }
      ],
      "api_key": [
        {
          "current_key": "AIzaSyDMviPUrOsQlp8VHPWKes4v66LVn-SU_vg"
        }
      ],
      "services": {
        "appinvite_service": {
          "other_platform_oauth_client": [
            {
              "client_id": "485963672645-moh40a3h4dnp55pm9tqgh05co3kso0b1.apps.googleusercontent.com",
              "client_type": 3
            }
          ]
        }
      }
    },
    {
      "client_info": {
        "mobilesdk_app_id": "1:485963672645:android:572316d4549acabe80072c",
        "android_client_info": {
          "package_name": "vn.tokhaiyte.doctor"
        }
      },
      "oauth_client": [
        {
          "client_id": "485963672645-moh40a3h4dnp55pm9tqgh05co3kso0b1.apps.googleusercontent.com",
          "client_type": 3
        }
      ],
      "api_key": [
        {
          "current_key": "AIzaSyDMviPUrOsQlp8VHPWKes4v66LVn-SU_vg"
        }
      ],
      "services": {
        "appinvite_service": {
          "other_platform_oauth_client": [
            {
              "client_id": "485963672645-moh40a3h4dnp55pm9tqgh05co3kso0b1.apps.googleusercontent.com",
              "client_type": 3
            }
          ]
        }
      }
    },
    {
      "client_info": {
        "mobilesdk_app_id": "1:485963672645:android:ee53b50cd082c99f80072c",
        "android_client_info": {
          "package_name": "vn.tokhaiyte.quangninh"
        }
      },
      "oauth_client": [
        {
          "client_id": "485963672645-moh40a3h4dnp55pm9tqgh05co3kso0b1.apps.googleusercontent.com",
          "client_type": 3
        }
      ],
      "api_key": [
        {
          "current_key": "AIzaSyDMviPUrOsQlp8VHPWKes4v66LVn-SU_vg"
        }
      ],
      "services": {
        "appinvite_service": {
          "other_platform_oauth_client": [
            {
              "client_id": "485963672645-moh40a3h4dnp55pm9tqgh05co3kso0b1.apps.googleusercontent.com",
              "client_type": 3
            }
          ]
        }
      }
    }
  ],
  "configuration_version": "1"
}